apk_name,metrics_type,TP,FP,TN,FN,Precision,Recall,F1_score,Time
de.devmil.paperlaunch,Layer1,15637,18160,630,0,0.4627,1,0.6326,14770.9304
com.example.muzei.muzeiapod,Layer1,5706,6907,215,0,0.4524,1,0.623,8798.83
de.schliweb.bluesharpbendingapp,Layer1,10812,14031,0,0,0.4352,1,0.6065,16925.0172
org.gdroid.gdroid,Layer1,14302,19462,562,0,0.4236,1,0.5951,20899.1679
com.quaap.launchtime,Layer1,5911,8508,77,0,0.4099,1,0.5815,11924.6428
de.devmil.muzei.bingimageofthedayartsource,Layer1,5587,8986,766,0,0.3834,1,0.5543,14707.501
com.machiav3lli.fdroid,Layer1,17120,29139,4702,0,0.3701,1,0.5402,10887.033
de.mm20.launcher2.release,Layer1,23580,41873,0,0,0.3603,1,0.5297,16119.0293
com.roozbehzarei.filester,Layer1,13898,25429,1593,0,0.3534,1,0.5222,12229.5256
cat.mvmike.minimalcalendarwidget,Layer1,6038,11282,1356,0,0.3486,1,0.517,4179.0537
com.termux.window,Layer1,6138,11511,478,0,0.3478,1,0.5161,13630.2744
fr.hnit.babyname,Layer1,5750,10798,628,0,0.3475,1,0.5157,17921.4739
de.miraisoft.wadoku,Layer1,5995,11878,499,0,0.3354,1,0.5023,15587.0855
eu.veldsoft.fish.rings,Layer1,5944,11836,542,0,0.3343,1,0.5011,17699.3394
com.flx,Layer1,12746,25947,2802,0,0.3294,1,0.4956,9231.3295
org.nuclearfog.apollo,Layer1,6894,14155,3164,0,0.3275,1,0.4934,21375.7752
com.example.timenotification,Layer1,5882,12088,589,0,0.3273,1,0.4932,8920.8776
com.unciv.app,Layer1,12487,25730,1596,0,0.3267,1,0.4925,13699.646
network.mysterium.vpn,Layer1,13689,28689,3167,0,0.323,1,0.4883,20147.441
de.mwarning.memento,Layer1,7257,15401,1567,0,0.3203,1,0.4852,16452.8442
com.reminimalism.materialslivewallpaper,Layer1,5376,11514,1294,0,0.3183,1,0.4829,12088.6978
org.grating.styncynotes,Layer1,12086,26002,2552,0,0.3173,1,0.4818,20967.8393
app.plugbrain.android,Layer1,12576,27235,2403,0,0.3159,1,0.4801,2940.0513
eu.ottop.yamlauncher,Layer1,6219,13766,1886,0,0.3112,1,0.4747,17653.7695
net.nhiroki.bluelineconsole,Layer1,5436,12090,1426,0,0.3102,1,0.4735,19955.7096
org.secuso.privacyfriendlybattleship,Layer1,7151,15906,2193,0,0.3101,1,0.4735,21937.715
com.pocket,Layer1,7515,16925,1818,0,0.3075,1,0.4703,11897.3625
me.ocv.partyup,Layer1,6138,13896,1249,0,0.3064,1,0.4691,19621.1567
de.phasenrauscher.bicyweather,Layer1,6075,13855,1165,0,0.3048,1,0.4672,16559.9127
eu.veldsoft.vitoshadm,Layer1,5969,13698,1017,0,0.3035,1,0.4657,17750.509
de.felixnuesse.timedsilence,Layer1,7408,17024,1635,0,0.3032,1,0.4653,14829.7094
io.github.yawnoc.strokeinput,Layer1,5981,13769,1122,0,0.3028,1,0.4649,19152.2563
me.mudkip.moememos,Layer1,12847,29829,2496,0,0.301,1,0.4628,19570.8355
me.sergiotarxz.bedrockstation.pro,Layer1,5900,13717,966,0,0.3008,1,0.4624,19729.0345
com.dar.nclientv2,Layer1,8426,19647,7209,0,0.3001,1,0.4617,8161.3442
com.sunilpaulmathew.snotz,Layer1,7088,16527,1784,0,0.3001,1,0.4617,13335.3071
net.osmtracker,Layer1,6705,15877,1772,0,0.2969,1,0.4579,20014.073
peterfajdiga.fastdraw,Layer1,6399,15190,457,0,0.2964,1,0.4573,23787.3939
com.termux.api,Layer1,7058,16764,1989,0,0.2963,1,0.4571,13522.5
com.git.amarradi.leafpad,Layer1,6334,15070,702,0,0.2959,1,0.4567,9433.8663
io.github.doubi88.slideshowwallpaper,Layer1,6132,14690,1407,0,0.2945,1,0.455,18707.2139
org.sbv.pockettracker,Layer1,7309,17513,905,0,0.2945,1,0.455,21718.8282
com.maforn.timedshutdown,Layer1,6397,15428,516,0,0.2931,1,0.4533,10962.7402
de.markusfisch.android.wavelines,Layer1,6135,14802,1327,0,0.293,1,0.4532,15387.9769
de.baumann.browser,Layer1,6385,15429,1450,0,0.2927,1,0.4529,14525.6104
app.clauncher,Layer1,6403,15536,1800,0,0.2919,1,0.4518,857.1452
com.codedead.advancedpassgen,Layer1,6344,15433,508,0,0.2913,1,0.4512,7886.9616
com.example.deeplviewer,Layer1,6389,15544,605,0,0.2913,1,0.4512,8765.3736
org.exbin.bined.editor.android,Layer1,6027,14789,1991,0,0.2895,1,0.4491,20645.4594
de.szalkowski.activitylauncher,Layer1,6273,15402,1997,0,0.2894,1,0.4489,17089.445
de.niendo.ImapNotes3,Layer1,6414,15825,1699,0,0.2884,1,0.4477,16509.9606
org.woheller69.seemless,Layer1,5808,14328,1185,0,0.2884,1,0.4477,23297.0483
net.viggers.zade.wallpaper,Layer1,5779,14308,1311,0,0.2877,1,0.4468,20065.8503
org.woheller69.whisper,Layer1,5992,14850,1239,0,0.2875,1,0.4466,23476.8314
org.eagsoftware.basiccashflow,Layer1,6013,14905,452,0,0.2875,1,0.4465,20589.8313
app.cclauncher,Layer1,13430,33327,2969,0,0.2872,1,0.4463,424.5508
com.marktka.calculatorYou,Layer1,6436,15981,436,0,0.2871,1,0.4461,11024.6361
org.woheller69.whisperplus,Layer1,6004,14926,1182,0,0.2869,1,0.4458,23529.2745
v4lpt.vpt.f036.esw,Layer1,6190,15394,1220,0,0.2868,1,0.4457,24564.0331
com.asdoi.quicktiles,Layer1,6494,16260,836,0,0.2854,1,0.4441,7137.2716
com.rootminusone8004.bazarnote,Layer1,6072,15237,495,0,0.285,1,0.4435,12140.5852
com.amrdeveloper.linkhub,Layer1,7552,18984,2238,0,0.2846,1,0.4431,5856.404
askanimus.arbeitszeiterfassung2,Layer1,6918,17469,723,0,0.2837,1,0.442,3208.5589
com.guruswarupa.launch,Layer1,6422,16247,656,0,0.2833,1,0.4415,9675.7671
com.atul.musicplayer,Layer1,7122,18068,860,0,0.2827,1,0.4408,7299.0913
com.byterdevs.rsswidget,Layer1,6324,16044,1517,0,0.2827,1,0.4408,7597.4713
com.darkempire78.opencalculator,Layer1,6414,16315,654,0,0.2822,1,0.4402,8217.0259
com.stoutner.privacycell,Layer1,6419,16396,658,0,0.2813,1,0.4391,13200.739
com.appmindlab.nano,Layer1,7204,18436,2128,0,0.281,1,0.4387,6652.1831
d.d.meshenger,Layer1,6337,16218,1983,0,0.281,1,0.4387,14407.4259
hu.vmiklos.plees,Layer1,6635,17016,937,0,0.2805,1,0.4382,18215.409
org.woheller69.PeakOrama,Layer1,5472,14035,1373,0,0.2805,1,0.4381,22890.4666
de.monocles.browser,Layer1,6683,17164,902,0,0.2802,1,0.4378,16318.7158
org.jshobbysoft.cameraalign,Layer1,6453,16577,1536,0,0.2802,1,0.4377,21060.2233
org.wbftw.weil.passwordgenerator,Layer1,6253,16086,774,0,0.2799,1,0.4374,22775.7635
com.stoutner.privacybrowser.standard,Layer1,6612,17093,806,0,0.2789,1,0.4362,13144.2702
com.sbv.linkdroid,Layer1,6527,16908,422,0,0.2785,1,0.4357,12374.7174
de.micmun.android.nextcloudcookbook,Layer1,7821,20376,4995,0,0.2774,1,0.4343,15541.8274
org.woheller69.browser,Layer1,6065,16010,1415,0,0.2747,1,0.4311,23045.2834
yetzio.yetcalc,Layer1,6628,17562,1063,0,0.274,1,0.4301,24623.5965
de.markusfisch.android.shadereditor,Layer1,6363,16969,2714,0,0.2727,1,0.4286,15335.754
com.dessalines.thumbkey,Layer1,13248,35427,2884,0,0.2722,1,0.4279,8473.7252
io.github.exclude0122.xivpn,Layer1,6708,18064,1714,0,0.2708,1,0.4262,18778.6242
io.keepalive.android,Layer1,6590,17929,1894,0,0.2688,1,0.4237,19214.7056
alt.nainapps.aer,Layer1,5637,15402,1307,0,0.2679,1,0.4226,54.1787
com.minar.birday,Layer1,7516,20540,2491,0,0.2679,1,0.4226,11136.9835
livio.rssreader,Layer1,6256,17106,1737,0,0.2678,1,0.4224,19340.5511
org.woheller69.spritpreise,Layer1,6814,18685,1855,0,0.2672,1,0.4217,23357.4525
de.chaosdorf.meteroid,Layer1,6483,18004,1360,0,0.2648,1,0.4187,14585.5815
com.fmsys.snapdrop,Layer1,6729,18763,1207,0,0.264,1,0.4177,9295.6658
com.pcinpact,Layer1,6849,19128,857,0,0.2637,1,0.4173,11661.9739
com.encrypt.bwt,Layer1,6576,18409,608,0,0.2632,1,0.4167,8711.2438
org.totschnig.ocr.tesseract,Layer1,5979,16783,1203,0,0.2627,1,0.4161,22649.969
me.haroldmartin.golwallpaper,Layer1,5671,16099,1470,0,0.2605,1,0.4133,19473.4624
org.woheller69.whobird,Layer1,6227,17761,693,0,0.2596,1,0.4122,23589.4461
org.secuso.privacyfriendlytodolist,Layer1,6610,19039,1213,0,0.2577,1,0.4098,22426.5773
me.x2gd4.dollphone,Layer1,7156,20801,2289,0,0.256,1,0.4076,19799.3189
com.mustafacanyucel.fireflyiiishortcuts,Layer1,6729,19635,1645,0,0.2552,1,0.4067,11349.0697
com.starry.myne,Layer1,13278,38771,3758,0,0.2551,1,0.4065,13085.8075
de.arnowelzel.android.periodical,Layer1,7050,20742,1638,0,0.2537,1,0.4047,14471.0838
app.easy.launcher,Layer1,7035,20883,1450,0,0.252,1,0.4025,1352.4997
app.fluffy,Layer1,13731,41209,4150,0,0.2499,1,0.3999,2114.6599
com.antony.muzei.pixiv,Layer1,6815,20503,2078,0,0.2495,1,0.3993,6485.0751
io.github.subhamtyagi.ocr,Layer1,6981,21012,1541,0,0.2494,1,0.3992,19043.492
com.termux.tasker,Layer1,6249,18829,1410,0,0.2492,1,0.399,13583.6495
de.k3b.android.calef,Layer1,2707,8496,99,0,0.2416,1,0.3892,15005.8779
com.dn0ne.lotus,Layer1,13629,43400,4246,0,0.239,1,0.3858,8648.6781
io.github.teamclouday.AndroidMic,Layer1,5674,18260,2506,0,0.2371,1,0.3833,19102.7086
com.shezik.drawanywhere,Layer1,6334,20491,1967,0,0.2361,1,0.382,12669.6678
org.wbftw.weil.sos,Layer1,6355,20646,1376,0,0.2354,1,0.381,22840.8913
se.arctosoft.vault,Layer1,7072,23614,1400,0,0.2305,1,0.3746,24034.982
org.vinaygopinath.launchchat,Layer1,6517,21847,2105,0,0.2298,1,0.3737,22719.8795
com.rabbittownsoftware.coinvert,Layer1,5670,19021,1748,0,0.2296,1,0.3735,11983.9826
com.sosauce.cutecalc,Layer1,5701,19530,2767,0,0.226,1,0.3686,12787.0342
fr.ryder.benoit.jmdictdroid,Layer1,5627,19290,2089,0,0.2258,1,0.3685,18009.0255
org.y20k.escapepod,Layer1,7468,25621,2457,0,0.2257,1,0.3683,23666.4268
com.dijia1124.plusplusbattery,Layer1,5762,20097,2761,0,0.2228,1,0.3644,8536.6358
su.xash.husky,Layer1,10515,36715,6641,0,0.2226,1,0.3642,24300.191
org.woheller69.ttsengine,Layer1,5949,20964,3819,0,0.221,1,0.3621,23425.2852
com.jherkenhoff.qalculate,Layer1,5666,20077,4696,0,0.2201,1,0.3608,9981.3955
com.phpbg.easysync,Layer1,5905,21085,2167,0,0.2188,1,0.359,11727.5543
com.davidtakac.bura,Layer1,5942,21250,2240,0,0.2185,1,0.3587,8364.5076
com.bily,Layer1,5939,21348,2673,0,0.2176,1,0.3575,7459.4352
com.cliffracertech.soundaura,Layer1,7047,25450,3324,0,0.2169,1,0.3564,7829.2857
page.ooooo.geoshare,Layer1,5902,21368,3153,0,0.2164,1,0.3558,23734.2114
org.nuclearfog.smither,Layer1,7005,25609,1629,0,0.2148,1,0.3536,21455.6057
ch.rmy.android.statusbar,Layer1,5933,21939,2022,0,0.2129,1,0.351,4389.5236
com.exner.tools.fototimer,Layer1,6423,25046,2864,0,0.2041,1,0.339,8996.4413
spam.blocker,Layer1,5720,22308,2524,0,0.2041,1,0.339,24178.8898
com.github.catfriend1.syncthinglite,Layer1,8010,31254,2745,0,0.204,1,0.3389,9523.3869
helium314.keyboard,Layer1,5993,23431,2696,0,0.2037,1,0.3384,18148.0651
de.marmaro.krt.ffupdater,Layer1,6568,25708,2223,0,0.2035,1,0.3382,15462.3953
com.danilkinkin.buckwheat,Layer1,5716,22743,4125,0,0.2009,1,0.3345,8077.4451
com.streamatico.polymarketviewer,Layer1,6198,24802,3041,0,0.1999,1,0.3332,13275.9879
se.nullable.flickboard,Layer1,6015,24600,2569,0,0.1965,1,0.3284,24108.1801
com.example.photoswooper,Layer1,6406,26241,2868,0,0.1962,1,0.3281,8874.6452
org.avmedia.gshockGoogleSync,Layer1,6508,26827,3893,0,0.1952,1,0.3267,20536.5271
de.lukasneugebauer.nextcloudcookbook,Layer1,7624,31729,6579,0,0.1937,1,0.3246,15274.1597
com.utazukin.ichaival,Layer1,7023,29304,2600,0,0.1933,1,0.324,13787.0151
org.fossify.math,Layer1,7909,33081,2663,0,0.1929,1,0.3235,20837.5313
org.app.geotagvideocamera,Layer1,6881,28886,3558,0,0.1924,1,0.3227,20368.012
org.woheller69.gptassist,Layer1,2787,11701,657,0,0.1924,1,0.3227,23135.9543
us.spotco.maps,Layer1,2785,11718,616,0,0.192,1,0.3222,24510.2122
org.nqmgaming.aneko,Layer1,6743,28474,2241,0,0.1915,1,0.3214,21319.2745
dev.leonlatsch.photok,Layer1,8089,34197,3236,0,0.1913,1,0.3212,17541.9192
com.zell,Layer1,6735,28754,2781,0,0.1898,1,0.319,14140.764
org.fossify.calendar,Layer1,8040,35144,3047,0,0.1862,1,0.3139,20747.1561
lying.fengfeng.foodrecords,Layer1,5749,25161,4055,0,0.186,1,0.3136,19419.6222
com.looker.droidify,Layer1,7048,30887,2461,0,0.1858,1,0.3134,10313.687
com.darkrockstudios.app.securecamera,Layer1,6190,27253,4214,0,0.1851,1,0.3124,8298.5111
com.flux,Layer1,6094,26834,3079,0,0.1851,1,0.3123,9158.5701
org.privacymatters.safespace,Layer1,7798,34491,3489,0,0.1844,1,0.3114,21659.9928
com.ztftrue.music,Layer1,7491,33382,3690,0,0.1833,1,0.3098,14237.7555
de.readeckapp,Layer1,6956,31289,2880,0,0.1819,1,0.3078,16653.2079
com.noahjutz.gymroutines,Layer1,6311,28675,3168,0,0.1804,1,0.3056,11484.9154
org.koreader.launcher.fdroid,Layer1,3149,14372,1017,0,0.1797,1,0.3047,21236.4296
org.woheller69.audiometry,Layer1,3150,14578,1182,0,0.1777,1,0.3018,22989.0606
com.fpf.smartscan,Layer1,6474,30175,2362,0,0.1766,1,0.3003,9380.9542
com.seafile.seadroid2,Layer1,10925,50968,7469,0,0.1765,1,0.3001,12525.6355
com.ezpnix.writeon,Layer1,6322,29673,4162,0,0.1756,1,0.2988,9080.1596
org.secuso.privacyfriendlypin,Layer1,3234,15317,904,0,0.1743,1,0.2969,22303.0178
org.application.shikiapp,Layer1,6296,29897,3647,0,0.174,1,0.2964,20456.0558
eu.veldsoft.scribe4,Layer1,57,274,4,0,0.1722,1,0.2938,17700.4299
io.github.pastthepixels.freepaint,Layer1,3562,17127,1685,0,0.1722,1,0.2938,18831.5321
de.dbauer.expensetracker,Layer1,6049,29099,3886,0,0.1721,1,0.2937,14668.6041
com.sosauce.cutemusic,Layer1,7162,35091,4429,0,0.1695,1,0.2899,12884.7008
nightlock.peppercarrot,Layer1,7283,35831,2190,0,0.1689,1,0.289,20228.2529
com.mrsep.musicrecognizer,Layer1,6467,32023,4819,0,0.168,1,0.2877,11283.0802
de.theiling.neatlauncher,Layer1,3376,16896,1639,0,0.1665,1,0.2855,17142.8727
de.k3b.android.intentintercept,Layer1,2942,14737,1681,0,0.1664,1,0.2853,15051.9983
com.kaanelloed.iconeration,Layer1,6587,33079,3182,0,0.1661,1,0.2848,10131.6804
org.sunsetware.phocid,Layer1,7125,35854,5057,0,0.1658,1,0.2844,22592.2169
com.starry.greenstash,Layer1,6716,33903,3965,0,0.1653,1,0.2838,12980.7791
com.sakethh.linkora,Layer1,6124,30920,4484,0,0.1653,1,0.2837,12317.4722
eu.domob.shopt2,Layer1,3315,16740,2556,0,0.1653,1,0.2837,17600.9934
org.woheller69.level,Layer1,2953,15010,1602,0,0.1644,1,0.2824,23182.4211
com.burhanrashid52.photoediting,Layer1,3436,17517,3218,0,0.164,1,0.2818,7528.6393
net.inbox.pager,Layer1,3433,17495,1507,0,0.164,1,0.2818,19909.9757
ua.com.radiokot.photoprism,Layer1,8097,41269,3963,0,0.164,1,0.2818,24471.3558
foss.cnugteren.nlweer,Layer1,3950,20340,1745,0,0.1626,1,0.2797,17813.6682
com.aks,Layer1,6692,34554,3374,0,0.1622,1,0.2792,5092.494
at.bitfire.icsdroid,Layer1,8061,41987,3964,0,0.1611,1,0.2774,3846.1784
ru.stersh.youamp,Layer1,7431,38755,3771,0,0.1609,1,0.2772,23960.8146
com.nemesis.droidcrypt,Layer1,3320,17430,1492,0,0.16,1,0.2759,11402.4274
org.woheller69.gpscockpit,Layer1,3241,17015,1361,0,0.16,1,0.2759,23097.2966
com.sjapps.jsonlist,Layer1,3564,18966,1606,0,0.1582,1,0.2732,12725.7631
org.woheller69.arity,Layer1,3301,17589,1549,0,0.158,1,0.2729,22943.1634
org.koitharu.kotatsu,Layer1,9246,49616,6456,0,0.1571,1,0.2715,21192.293
com.xvzan.simplemoneytracker,Layer1,3618,19466,1593,0,0.1567,1,0.271,14055.8538
com.oF2pks.jquarks,Layer1,3648,19816,3611,0,0.1555,1,0.2691,11596.8585
fr.guillaumevillena.opendnsupdater,Layer1,3516,19111,3563,0,0.1554,1,0.269,17877.6292
dev.anilbeesetti.nextplayer,Layer1,7413,40532,4051,0,0.1546,1,0.2678,17297.5676
org.secuso.privacyfriendlynotes,Layer1,3749,20579,4197,0,0.1541,1,0.2671,22256.9998
com.nunosempere.distributioncalculator,Layer1,2982,16424,2591,0,0.1537,1,0.2664,11535.5004
com.MarcosDiez.shareviahttp,Layer1,3176,17528,2126,0,0.1534,1,0.266,4487.6499
io.simplelogin.android.fdroid,Layer1,3785,20969,3765,0,0.1529,1,0.2653,19281.4966
org.secuso.privacyfriendlydame,Layer1,3573,20122,1582,0,0.1508,1,0.2621,22058.5685
net.alexbarry.calc,Layer1,3424,19335,2280,0,0.1504,1,0.2615,19857.3892
org.secuso.privacyfriendlyintervaltimer,Layer1,3770,21412,1700,0,0.1497,1,0.2604,22185.2236
org.secuso.privacyfriendlycircuittraining,Layer1,4037,23156,1832,0,0.1485,1,0.2585,22001.3833
org.openobservatory.ooniprobe,Layer1,6574,37817,5089,0,0.1481,1,0.258,21563.9771
org.secuso.aktivpause,Layer1,3881,22438,1818,0,0.1475,1,0.257,21881.6328
org.secuso.privacyfriendlysketching,Layer1,3648,21159,1666,0,0.1471,1,0.2564,22362.3882
de.kitshn.android,Layer1,7919,46008,5668,0,0.1468,1,0.2561,15174.7735
com.sweak.qralarm,Layer1,6268,36595,5014,0,0.1462,1,0.2552,13441.5995
de.freewarepoint.whohasmystuff,Layer1,3570,20846,901,0,0.1462,1,0.2551,14975.6002
com.daniebeler.pfpixelix,Layer1,7106,41547,4633,0,0.1461,1,0.2549,8007.3563
org.secuso.privacyfriendlyfinancemanager,Layer1,3834,22619,2103,0,0.1449,1,0.2532,22120.7981
one.zagura.CodeRainWall,Layer1,3098,18460,3064,0,0.1437,1,0.2513,20283.7309
org.woheller69.omweather,Layer1,3825,22968,2170,0,0.1428,1,0.2499,23246.743
ch.ihdg.calendarcolor,Layer1,3360,20934,1184,0,0.1383,1,0.243,4289.2927
io.github.sds100.keymapper,Layer1,7129,47368,5688,0,0.1308,1,0.2314,18975.3174
com.wirelessalien.android.moviedb,Layer1,4418,30132,2706,0,0.1279,1,0.2268,13937.4604
gallery.memories,Layer1,3562,24479,2938,0,0.127,1,0.2254,18076.5216
ademar.textlauncher,Layer1,11,77,0,0,0.125,1,0.2222,0.3272
de.monocles.translator,Layer1,2989,20979,4361,0,0.1247,1,0.2218,16389.5955
com.rabbittownsoftware.convertly,Layer1,3086,22087,1779,0,0.1226,1,0.2184,12044.5421
exe.bbllw8.anemo,Layer1,67,485,26,0,0.1214,1,0.2165,17752.322
com.vipedev.kords,Layer1,3085,22831,2513,0,0.119,1,0.2128,13850.0257
com.cappielloantonio.notquitemy.tempo,Layer1,4758,35976,4346,0,0.1168,1,0.2092,7744.6048
me.velc.devqs,Layer1,11,88,1,0,0.1111,1,0.2,19729.3366
io.github.ronynn.karui,Layer1,7,69,3,0,0.0921,1,0.1687,18831.8301
com.trianguloy.isUserAMonkey,Layer1,15,148,41,0,0.092,1,0.1685,13630.8914
dnsfilter.android,Layer1,124,1236,82,0,0.0912,1,0.1671,17546.6387
eu.veldsoft.tuty.fruty.slot,Layer1,8,80,2,0,0.0909,1,0.1667,17700.8368
com.seyfal.whatsdown,Layer1,3174,32915,0,0,0.0879,1,0.1617,12604.6188
com.mkulesh.micromath.plus,Layer1,941,10543,2964,0,0.0819,1,0.1515,11176.1875
im.narayana.another,Layer1,4437,59657,0,0,0.0692,1,0.1295,18549.6502
fr.ralala.hexviewer,Layer1,631,9773,2318,0,0.0606,1,0.1144,17948.5997
com.gitlab.dibdib.dib2calc,Layer1,626,9738,2986,0,0.0604,1,0.1139,9620.7942
de.markusfisch.android.pielauncher,Layer1,40,647,64,0,0.0582,1,0.11,15276.3434
com.kolloware.hypezigapp,Layer1,587,9728,2066,0,0.0569,1,0.1077,10159.4698
com.cax.pmk.ext,Layer1,20,370,4,0,0.0513,1,0.0976,7746.5305
de.freehamburger,Layer1,1841,34643,5160,0,0.0505,1,0.0961,14917.8637
org.schabi.nxbookmarks,Layer1,1151,21736,3652,0,0.0503,1,0.0958,21780.6893
com.ath0.rpn,Layer1,9,175,0,0,0.0489,1,0.0933,7139.9998
com.indieweb.indigenous,Layer1,1272,25343,4047,0,0.0478,1,0.0912,9916.7843
me.robbyblue.mylauncher,Layer1,889,19397,3790,0,0.0438,1,0.084,19677.883
org.joinmastodon.android,Layer1,675,15019,1210,0,0.043,1,0.0825,21004.1432
com.github.xfalcon.vhosts,Layer1,314,7139,1903,0,0.0421,1,0.0809,9591.7964
com.inator.calculator,Layer1,999,22948,5224,0,0.0417,1,0.0801,9846.1864
hev.sockstun,Layer1,143,3294,373,0,0.0416,1,0.0799,18157.4429
com.leestarb.fourthtools,Layer1,993,23322,4666,0,0.0408,1,0.0785,10224.3615
com.plexer0.nitter,Layer1,809,19011,3680,0,0.0408,1,0.0784,11837.3441
cu.axel.smartdock,Layer1,837,19699,3779,0,0.0408,1,0.0783,14350.2209
systems.sieber.fsclock,Layer1,822,20801,3967,0,0.038,1,0.0732,24358.0612
com.wirelessalien.zipxtract,Layer1,829,21626,4254,0,0.0369,1,0.0712,14000.2957
dev.jdtech.jellyfin,Layer1,2289,59852,0,0,0.0368,1,0.0711,17438.4353
app.olauncher,Layer1,789,21101,4247,0,0.036,1,0.0696,2543.1223
com.github.shadowsocks.plugin.ck,Layer1,637,17518,2273,0,0.0351,1,0.0678,9572.6694
com.phstudio.darktheme,Layer1,772,21595,4425,0,0.0345,1,0.0667,11785.3489
com.haringeymobile.ukweather,Layer1,646,18959,3207,0,0.033,1,0.0638,9776.5011
com.jkuester.unlauncher,Layer1,632,20163,4077,0,0.0304,1,0.059,10037.8255
ru.ra66it.updaterforspotify,Layer1,744,24172,1763,0,0.0299,1,0.058,23854.7803
com.maxistar.textpad,Layer1,148,4926,502,0,0.0292,1,0.0567,11053.3331
corewala.gemini.buran,Layer1,575,19476,2298,0,0.0287,1,0.0558,14295.8739
com.markusborg.test,Layer1,128,4466,416,0,0.0279,1,0.0542,11039.4333
com.dosse.clock31,Layer1,4,161,1,0,0.0242,1,0.0473,8649.3223
com.tananaev.calculator,Layer1,123,5826,1417,0,0.0207,1,0.0405,13460.0563
com.gyorog.polycal,Layer1,273,17232,2390,0,0.0156,1,0.0307,9722.5165
org.scoutant.rpn,Layer1,181,13768,924,0,0.013,1,0.0256,21818.2031
org.sufficientlysecure.ical,Layer1,218,17020,1732,0,0.0126,1,0.025,22473.2398
org.asafonov.weather,Layer1,0,68,1,0,0,0,0,20456.3806
,,,,,,,,0.328832319,
com.quaap.launchtime,Layer2,4358,1758,6827,1553,0.7126,0.7373,0.7247,11924.6557
org.gdroid.gdroid,Layer2,10398,4588,15436,3904,0.6938,0.727,0.7101,20899.175
de.devmil.paperlaunch,Layer2,10516,4077,14713,5121,0.7206,0.6725,0.6957,14770.9579
com.example.muzei.muzeiapod,Layer2,3660,1703,5419,2046,0.6825,0.6414,0.6613,8798.8355
cat.mvmike.minimalcalendarwidget,Layer2,3844,2291,10347,2194,0.6266,0.6366,0.6316,4179.0658
me.haroldmartin.golwallpaper,Layer2,3739,2794,14775,1932,0.5723,0.6593,0.6127,19473.4762
app.clauncher,Layer2,3927,2663,14673,2476,0.5959,0.6133,0.6045,857.1618
de.mwarning.memento,Layer2,4382,2956,14012,2875,0.5972,0.6038,0.6005,16452.8575
org.jshobbysoft.cameraalign,Layer2,3964,2888,15225,2489,0.5785,0.6143,0.5959,21060.2433
de.devmil.muzei.bingimageofthedayartsource,Layer2,3130,1795,7957,2457,0.6355,0.5602,0.5955,14707.5101
org.nuclearfog.apollo,Layer2,4075,2731,14588,2819,0.5987,0.5911,0.5949,21375.7974
com.dijia1124.plusplusbattery,Layer2,3815,3295,19563,1947,0.5366,0.6621,0.5928,8536.652
com.asdoi.quicktiles,Layer2,3949,2901,14195,2545,0.5765,0.6081,0.5919,7137.292
com.byterdevs.rsswidget,Layer2,3849,2853,14708,2475,0.5743,0.6086,0.591,7597.4771
de.monocles.browser,Layer2,4042,2994,15072,2641,0.5745,0.6048,0.5893,16318.7298
com.stoutner.privacycell,Layer2,3878,2883,14171,2541,0.5736,0.6041,0.5885,13200.7482
peterfajdiga.fastdraw,Layer2,3865,2883,12764,2534,0.5728,0.604,0.588,23787.407
com.git.amarradi.leafpad,Layer2,3798,2817,12955,2536,0.5741,0.5996,0.5866,9433.8785
hu.vmiklos.plees,Layer2,3990,3005,14948,2645,0.5704,0.6014,0.5855,18215.4254
app.plugbrain.android,Layer2,7590,5855,23783,4986,0.5645,0.6035,0.5834,2940.0784
askanimus.arbeitszeiterfassung2,Layer2,4067,3031,15161,2851,0.573,0.5879,0.5803,3208.5749
com.phpbg.easysync,Layer2,3889,3624,19628,2016,0.5176,0.6586,0.5797,11727.5646
com.rabbittownsoftware.coinvert,Layer2,3631,3266,17503,2039,0.5265,0.6404,0.5779,11983.9917
com.flx,Layer2,7366,5394,23355,5380,0.5773,0.5779,0.5776,9231.3533
eu.veldsoft.fish.rings,Layer2,3337,2276,10102,2607,0.5945,0.5614,0.5775,17699.3509
org.grating.styncynotes,Layer2,7211,5677,22877,4875,0.5595,0.5966,0.5775,20967.8612
org.totschnig.ocr.tesseract,Layer2,3523,2727,15259,2456,0.5637,0.5892,0.5762,22649.9804
app.easy.launcher,Layer2,4184,3317,19016,2851,0.5578,0.5947,0.5757,1352.516
com.shezik.drawanywhere,Layer2,4008,3617,18841,2326,0.5256,0.6328,0.5743,12669.6828
page.ooooo.geoshare,Layer2,3811,3568,20953,2091,0.5165,0.6457,0.5739,23734.2283
me.mudkip.moememos,Layer2,7580,6014,26311,5267,0.5576,0.59,0.5734,19570.8571
io.keepalive.android,Layer2,3787,2844,16979,2803,0.5711,0.5747,0.5729,19214.7193
com.bily,Layer2,3864,3693,20328,2075,0.5113,0.6506,0.5726,7459.4611
com.roozbehzarei.filester,Layer2,7648,5186,21836,6250,0.5959,0.5503,0.5722,12229.537
com.example.deeplviewer,Layer2,3715,2887,13262,2674,0.5627,0.5815,0.5719,8765.3843
com.trianguloy.isUserAMonkey,Layer2,8,5,184,7,0.6154,0.5333,0.5714,13630.8997
spam.blocker,Layer2,3690,3543,21289,2030,0.5102,0.6451,0.5698,24178.907
org.wbftw.weil.sos,Layer2,3912,3472,18550,2443,0.5298,0.6156,0.5695,22840.9116
network.mysterium.vpn,Layer2,7735,5832,26024,5954,0.5701,0.5651,0.5676,20147.4716
alt.nainapps.aer,Layer2,3328,2791,13918,2309,0.5439,0.5904,0.5662,54.198
de.felixnuesse.timedsilence,Layer2,4289,3478,15181,3119,0.5522,0.579,0.5653,14829.7208
app.cclauncher,Layer2,8000,6898,29398,5430,0.537,0.5957,0.5648,424.5718
com.sosauce.cutecalc,Layer2,3579,3406,18891,2122,0.5124,0.6278,0.5642,12787.0605
com.unciv.app,Layer2,7172,5782,21544,5315,0.5537,0.5744,0.5638,13699.6548
com.codedead.advancedpassgen,Layer2,3580,2804,13137,2764,0.5608,0.5643,0.5625,7886.9834
io.github.yawnoc.strokeinput,Layer2,3361,2610,12281,2620,0.5629,0.5619,0.5624,19152.2729
de.lukasneugebauer.nextcloudcookbook,Layer2,4735,4488,33820,2889,0.5134,0.6211,0.5621,15274.1898
com.streamatico.polymarketviewer,Layer2,3977,3985,23858,2221,0.4995,0.6417,0.5617,13276.0097
eu.veldsoft.vitoshadm,Layer2,3339,2592,12123,2630,0.563,0.5594,0.5612,17750.5272
se.arctosoft.vault,Layer2,4181,3648,21366,2891,0.534,0.5912,0.5612,24034.9989
com.dessalines.thumbkey,Layer2,7904,7160,31151,5344,0.5247,0.5966,0.5583,8473.7634
com.atul.musicplayer,Layer2,4048,3361,15567,3074,0.5464,0.5684,0.5572,7299.1012
de.szalkowski.activitylauncher,Layer2,3475,2737,14662,2798,0.5594,0.554,0.5567,17089.4683
org.secuso.privacyfriendlybattleship,Layer2,3931,3044,15055,3220,0.5636,0.5497,0.5566,21937.724
com.exner.tools.fototimer,Layer2,4051,4093,23817,2372,0.4974,0.6307,0.5562,8996.4609
io.github.exclude0122.xivpn,Layer2,3727,2981,16797,2981,0.5556,0.5556,0.5556,18778.6412
com.maforn.timedshutdown,Layer2,3554,2851,13093,2843,0.5549,0.5556,0.5552,10962.7521
com.sunilpaulmathew.snotz,Layer2,3928,3136,15175,3160,0.5561,0.5542,0.5551,13335.3132
com.termux.window,Layer2,3165,2124,9865,2973,0.5984,0.5156,0.554,13630.2898
com.minar.birday,Layer2,4330,3798,19233,3186,0.5327,0.5761,0.5536,11136.9985
org.sbv.pockettracker,Layer2,4082,3365,15053,3227,0.5481,0.5585,0.5533,21718.8471
com.darkrockstudios.app.securecamera,Layer2,3907,4067,27400,2283,0.49,0.6312,0.5517,8298.5311
com.pcinpact,Layer2,3870,3314,16671,2979,0.5387,0.565,0.5516,11661.9987
de.baumann.browser,Layer2,3511,2856,14023,2874,0.5514,0.5499,0.5507,14525.6213
se.nullable.flickboard,Layer2,3820,4038,23131,2195,0.4861,0.6351,0.5507,24108.1994
yetzio.yetcalc,Layer2,3624,2936,15689,3004,0.5524,0.5468,0.5496,24623.6218
org.exbin.bined.editor.android,Layer2,3267,2606,14174,2760,0.5563,0.5421,0.5491,20645.4771
ch.rmy.android.statusbar,Layer2,3682,3801,20160,2251,0.492,0.6206,0.5489,4389.54
net.osmtracker,Layer2,3628,2885,14764,3077,0.557,0.5411,0.5489,20014.086
org.secuso.privacyfriendlytodolist,Layer2,3728,3260,16992,2882,0.5335,0.564,0.5483,22426.5919
com.pocket,Layer2,4031,3161,15582,3484,0.5605,0.5364,0.5482,11897.3761
app.fluffy,Layer2,8104,7757,37602,5627,0.5109,0.5902,0.5477,2114.6937
de.niendo.ImapNotes3,Layer2,3473,2812,14712,2941,0.5526,0.5415,0.547,16509.9683
com.guruswarupa.launch,Layer2,3510,2935,13968,2912,0.5446,0.5466,0.5456,9675.772
com.flux,Layer2,3828,4126,25787,2266,0.4813,0.6282,0.545,9158.591
com.starry.myne,Layer2,7717,7354,35175,5561,0.512,0.5812,0.5444,13085.8398
helium314.keyboard,Layer2,3615,3685,22442,2378,0.4952,0.6032,0.5439,18148.0881
com.marktka.calculatorYou,Layer2,3534,3028,13389,2902,0.5386,0.5491,0.5438,11024.6458
io.github.teamclouday.AndroidMic,Layer2,3300,3163,17603,2374,0.5106,0.5816,0.5438,19102.7285
com.amrdeveloper.linkhub,Layer2,4161,3596,17626,3391,0.5364,0.551,0.5436,5856.4287
com.antony.muzei.pixiv,Layer2,3786,3338,19243,3029,0.5314,0.5555,0.5432,6485.099
com.dar.nclientv2,Layer2,4233,2926,23930,4193,0.5913,0.5024,0.5432,8161.3629
com.sbv.linkdroid,Layer2,3592,3107,14223,2935,0.5362,0.5503,0.5432,12374.7205
com.davidtakac.bura,Layer2,3511,3480,20010,2431,0.5022,0.5909,0.543,8364.5308
com.stoutner.privacybrowser.standard,Layer2,3608,3068,14831,3004,0.5404,0.5457,0.543,13144.2936
com.example.timenotification,Layer2,3058,2339,10338,2824,0.5666,0.5199,0.5422,8920.8932
fr.ryder.benoit.jmdictdroid,Layer2,3313,3288,18091,2314,0.5019,0.5888,0.5419,18009.0356
org.nqmgaming.aneko,Layer2,4146,4420,26295,2597,0.484,0.6149,0.5416,21319.2958
de.miraisoft.wadoku,Layer2,3097,2346,10031,2898,0.569,0.5166,0.5415,15587.1076
org.application.shikiapp,Layer2,4002,4500,29044,2294,0.4707,0.6356,0.5409,20456.0742
com.appmindlab.nano,Layer2,3919,3372,17192,3285,0.5375,0.544,0.5407,6652.2046
org.vinaygopinath.launchchat,Layer2,3909,4039,19913,2608,0.4918,0.5998,0.5405,22719.8932
fr.hnit.babyname,Layer2,2898,2080,9346,2852,0.5822,0.504,0.5403,17921.4904
org.avmedia.gshockGoogleSync,Layer2,3963,4199,26521,2545,0.4855,0.6089,0.5403,20536.5451
com.dn0ne.lotus,Layer2,7981,7949,39697,5648,0.501,0.5856,0.54,8648.7141
com.ztftrue.music,Layer2,4669,5131,31941,2822,0.4764,0.6233,0.54,14237.7804
de.markusfisch.android.wavelines,Layer2,3244,2668,13461,2891,0.5487,0.5288,0.5386,15387.979
de.phasenrauscher.bicyweather,Layer2,3220,2661,12359,2855,0.5475,0.53,0.5386,16559.9311
com.reminimalism.materialslivewallpaper,Layer2,2744,2089,10719,2632,0.5678,0.5104,0.5376,12088.7135
eu.ottop.yamlauncher,Layer2,3232,2577,13075,2987,0.5564,0.5197,0.5374,17653.7913
com.github.catfriend1.syncthinglite,Layer2,4686,4824,29175,3324,0.4927,0.585,0.5349,9523.4093
org.woheller69.whisper,Layer2,3291,3029,13060,2701,0.5207,0.5492,0.5346,23476.8429
org.privacymatters.safespace,Layer2,4744,5208,32772,3054,0.4767,0.6084,0.5345,21660.0107
com.mrsep.musicrecognizer,Layer2,4110,4809,32033,2357,0.4608,0.6355,0.5343,11283.1094
com.mustafacanyucel.fireflyiiishortcuts,Layer2,3693,3406,17874,3036,0.5202,0.5488,0.5341,11349.0731
com.jherkenhoff.qalculate,Layer2,3349,3529,21244,2317,0.4869,0.5911,0.534,9981.4242
org.nuclearfog.smither,Layer2,3948,3867,23371,3057,0.5052,0.5636,0.5328,21455.6205
org.woheller69.whisperplus,Layer2,3289,3056,13052,2715,0.5184,0.5478,0.5327,23529.2961
com.example.photoswooper,Layer2,3919,4396,24713,2487,0.4713,0.6118,0.5324,8874.6655
com.fpf.smartscan,Layer2,3977,4491,28046,2497,0.4697,0.6143,0.5323,9380.9788
com.termux.api,Layer2,3738,3256,15497,3320,0.5345,0.5296,0.532,13522.517
de.chaosdorf.meteroid,Layer2,3432,3004,16360,3051,0.5333,0.5294,0.5313,14585.5969
org.sunsetware.phocid,Layer2,4477,5273,35638,2648,0.4592,0.6284,0.5306,22592.247
de.markusfisch.android.shadereditor,Layer2,3315,2825,16858,3048,0.5399,0.521,0.5303,15335.7714
me.ocv.partyup,Layer2,3160,2637,12508,2978,0.5451,0.5148,0.5295,19621.177
de.dbauer.expensetracker,Layer2,3938,4890,28095,2111,0.4461,0.651,0.5294,14668.6262
d.d.meshenger,Layer2,3307,2869,15332,3030,0.5355,0.5219,0.5286,14407.4446
me.sergiotarxz.bedrockstation.pro,Layer2,3060,2618,12065,2840,0.5389,0.5186,0.5286,19729.0583
com.cliffracertech.soundaura,Layer2,4104,4382,24392,2943,0.4836,0.5824,0.5284,7829.3019
com.zell,Layer2,4086,4681,26854,2649,0.4661,0.6067,0.5272,14140.7894
dev.leonlatsch.photok,Layer2,4803,5337,32096,3286,0.4737,0.5938,0.527,17541.9429
de.mm20.launcher2.release,Layer2,10820,6674,35199,12760,0.6185,0.4589,0.5269,16119.0765
net.nhiroki.bluelineconsole,Layer2,2787,2371,11145,2649,0.5403,0.5127,0.5261,19955.729
com.darkempire78.opencalculator,Layer2,3377,3083,13886,3037,0.5228,0.5265,0.5246,8217.0399
org.y20k.escapepod,Layer2,4170,4282,23796,3298,0.4934,0.5584,0.5239,23666.4467
com.sakethh.linkora,Layer2,3829,4674,30730,2295,0.4503,0.6252,0.5236,12317.4969
de.arnowelzel.android.periodical,Layer2,3976,4227,18153,3074,0.4847,0.564,0.5213,14471.0923
org.eagsoftware.basiccashflow,Layer2,3131,2883,12474,2882,0.5206,0.5207,0.5207,20589.8453
com.sosauce.cutemusic,Layer2,4526,5704,33816,2636,0.4424,0.6319,0.5205,12884.7242
v4lpt.vpt.f036.esw,Layer2,3179,2859,13755,3011,0.5265,0.5136,0.52,24564.0447
org.fossify.math,Layer2,4594,5188,30556,3315,0.4696,0.5809,0.5194,20837.5545
org.woheller69.whobird,Layer2,3342,3320,15134,2885,0.5017,0.5367,0.5186,23589.4593
org.app.geotagvideocamera,Layer2,4163,5025,27419,2718,0.4531,0.605,0.5181,20368.0333
com.rootminusone8004.bazarnote,Layer2,3120,2884,12848,2952,0.5197,0.5138,0.5167,12140.5951
com.encrypt.bwt,Layer2,3364,3098,15919,3212,0.5206,0.5116,0.516,8711.2543
org.woheller69.spritpreise,Layer2,3649,3690,16850,3165,0.4972,0.5355,0.5157,23357.4631
com.aks,Layer2,4034,4938,32990,2658,0.4496,0.6028,0.5151,5092.5322
org.fossify.calendar,Layer2,4678,5448,32743,3362,0.462,0.5818,0.515,20747.1793
org.woheller69.seemless,Layer2,3002,2899,12614,2806,0.5087,0.5169,0.5128,23297.0673
com.looker.droidify,Layer2,4190,5118,28230,2858,0.4502,0.5945,0.5124,10313.7129
livio.rssreader,Layer2,3165,2963,15880,3091,0.5165,0.5059,0.5111,19340.575
org.woheller69.PeakOrama,Layer2,2819,2756,12652,2653,0.5057,0.5152,0.5104,22890.4881
com.fmsys.snapdrop,Layer2,3458,3397,16573,3271,0.5044,0.5139,0.5091,9295.6801
de.micmun.android.nextcloudcookbook,Layer2,3990,3865,21506,3831,0.508,0.5102,0.5091,15541.8449
org.wbftw.weil.passwordgenerator,Layer2,3114,2884,13976,3139,0.5192,0.498,0.5084,22775.7803
com.starry.greenstash,Layer2,4105,5372,32496,2611,0.4332,0.6112,0.507,12980.8073
com.noahjutz.gymroutines,Layer2,3688,4583,27260,2623,0.4459,0.5844,0.5058,11484.936
io.github.doubi88.slideshowwallpaper,Layer2,3008,2753,13344,3124,0.5221,0.4905,0.5058,18707.2342
su.xash.husky,Layer2,5560,5936,37420,4955,0.4836,0.5288,0.5052,24300.2211
com.machiav3lli.fdroid,Layer2,7583,5331,28510,9537,0.5872,0.4429,0.505,10887.0573
net.viggers.zade.wallpaper,Layer2,2913,2881,12738,2866,0.5028,0.5041,0.5034,20065.8553
me.velc.devqs,Layer2,4,1,88,7,0.8,0.3636,0.5,19729.3386
lying.fengfeng.foodrecords,Layer2,3272,4082,25134,2477,0.4449,0.5691,0.4994,19419.6447
com.danilkinkin.buckwheat,Layer2,3152,3777,23091,2564,0.4549,0.5514,0.4985,8077.4513
com.daniebeler.pfpixelix,Layer2,4311,5953,40227,2795,0.42,0.6067,0.4964,8007.3947
org.openobservatory.ooniprobe,Layer2,4066,5772,37134,2508,0.4133,0.6185,0.4955,21564.0059
io.github.subhamtyagi.ocr,Layer2,3706,4325,18228,3275,0.4615,0.5309,0.4937,19043.5127
de.readeckapp,Layer2,3811,4676,29493,3145,0.449,0.5479,0.4936,16653.2249
org.woheller69.browser,Layer2,2992,3075,14350,3073,0.4932,0.4933,0.4932,23045.2961
org.woheller69.ttsengine,Layer2,3083,3553,21230,2866,0.4646,0.5182,0.4899,23425.3
de.kitshn.android,Layer2,4790,6851,44825,3129,0.4115,0.6049,0.4898,15174.8136
me.x2gd4.dollphone,Layer2,3404,3372,19718,3752,0.5024,0.4757,0.4887,19799.3348
com.ezpnix.writeon,Layer2,3579,4809,29026,2743,0.4267,0.5661,0.4866,9080.176
com.termux.tasker,Layer2,3129,3508,16731,3120,0.4714,0.5007,0.4856,13583.6634
at.bitfire.icsdroid,Layer2,4969,7520,38431,3092,0.3979,0.6164,0.4836,3846.2091
com.sweak.qralarm,Layer2,3833,5830,35779,2435,0.3967,0.6115,0.4812,13441.6176
ru.stersh.youamp,Layer2,4225,5954,36572,3206,0.4151,0.5686,0.4798,23960.8473
com.utazukin.ichaival,Layer2,3648,4557,27347,3375,0.4446,0.5194,0.4791,13787.0374
exe.bbllw8.anemo,Layer2,29,26,485,38,0.5273,0.4328,0.4754,17752.3307
org.koitharu.kotatsu,Layer2,5102,7615,48457,4144,0.4012,0.5518,0.4646,21192.3391
dev.anilbeesetti.nextplayer,Layer2,4059,6204,38379,3354,0.3955,0.5476,0.4593,17297.5897
de.schliweb.bluesharpbendingapp,Layer2,3813,2204,11827,6999,0.6337,0.3527,0.4531,16925.0313
de.marmaro.krt.ffupdater,Layer2,3248,4597,23334,3320,0.414,0.4945,0.4507,15462.416
com.kaanelloed.iconeration,Layer2,3511,5793,30468,3076,0.3774,0.533,0.4419,10131.7076
io.github.sds100.keymapper,Layer2,4010,7400,45656,3119,0.3514,0.5625,0.4326,18975.3517
com.seafile.seadroid2,Layer2,5763,10546,47891,5162,0.3534,0.5275,0.4232,12525.6766
eu.veldsoft.scribe4,Layer2,17,7,271,40,0.7083,0.2982,0.4198,17700.4388
de.k3b.android.calef,Layer2,1339,2636,5959,1368,0.3369,0.4946,0.4008,15005.8868
io.github.ronynn.karui,Layer2,2,1,71,5,0.6667,0.2857,0.4,18831.8325
com.nunosempere.distributioncalculator,Layer2,1629,3850,15165,1353,0.2973,0.5463,0.3851,11535.5275
us.spotco.maps,Layer2,1419,3229,9105,1366,0.3053,0.5095,0.3818,24510.226
org.woheller69.audiometry,Layer2,1639,3806,11954,1511,0.301,0.5203,0.3814,22989.0706
org.woheller69.gptassist,Layer2,1419,3239,9119,1368,0.3046,0.5091,0.3812,23135.9637
org.secuso.privacyfriendlypin,Layer2,1787,4416,11805,1447,0.2881,0.5526,0.3787,22303.0307
com.rabbittownsoftware.convertly,Layer2,1837,4925,18941,1249,0.2717,0.5953,0.3731,12044.5571
com.vipedev.kords,Layer2,1838,5037,20307,1247,0.2673,0.5958,0.3691,13850.0332
de.theiling.neatlauncher,Layer2,1702,4148,14387,1674,0.2909,0.5041,0.369,17142.8791
io.github.pastthepixels.freepaint,Layer2,1750,4172,14640,1812,0.2955,0.4913,0.369,18831.5508
com.sjapps.jsonlist,Layer2,1742,4288,16284,1822,0.2889,0.4888,0.3631,12725.7843
org.woheller69.gpscockpit,Layer2,1624,4104,14272,1617,0.2835,0.5011,0.3621,23097.3067
ch.ihdg.calendarcolor,Layer2,1730,4539,17579,1630,0.276,0.5149,0.3593,4289.308
net.alexbarry.calc,Layer2,1685,4293,17322,1739,0.2819,0.4921,0.3584,19857.4
net.inbox.pager,Layer2,1658,4168,14834,1775,0.2846,0.483,0.3581,19909.9832
one.zagura.CodeRainWall,Layer2,1560,4090,17434,1538,0.2761,0.5036,0.3567,20283.7546
org.koreader.launcher.fdroid,Layer2,1607,4275,11114,1542,0.2732,0.5103,0.3559,21236.442
de.monocles.translator,Layer2,1559,4215,21125,1430,0.27,0.5216,0.3558,16389.6232
org.secuso.privacyfriendlydame,Layer2,1900,5257,16447,1673,0.2655,0.5318,0.3541,22058.5828
org.woheller69.level,Layer2,1443,3784,12828,1510,0.2761,0.4887,0.3528,23182.4263
com.burhanrashid52.photoediting,Layer2,1540,3813,16922,1896,0.2877,0.4482,0.3504,7528.6598
fr.guillaumevillena.opendnsupdater,Layer2,1609,4093,18581,1907,0.2822,0.4576,0.3491,17877.643
eu.domob.shopt2,Layer2,1501,3796,15500,1814,0.2834,0.4528,0.3486,17601.0057
de.k3b.android.intentintercept,Layer2,1391,3680,12738,1551,0.2743,0.4728,0.3472,15052.0093
com.MarcosDiez.shareviahttp,Layer2,1509,4022,15632,1667,0.2728,0.4751,0.3466,4487.6652
org.secuso.privacyfriendlysketching,Layer2,1914,5481,17344,1734,0.2588,0.5247,0.3466,22362.395
org.secuso.aktivpause,Layer2,1979,5582,18674,1902,0.2617,0.5099,0.3459,21881.6604
org.secuso.privacyfriendlyintervaltimer,Layer2,1940,5524,17588,1830,0.2599,0.5146,0.3454,22185.2411
com.wirelessalien.android.moviedb,Layer2,2164,5978,26860,2254,0.2658,0.4898,0.3446,13937.48
de.freewarepoint.whohasmystuff,Layer2,1887,5504,16243,1683,0.2553,0.5286,0.3443,14975.6213
org.secuso.privacyfriendlycircuittraining,Layer2,2030,5743,19245,2007,0.2612,0.5028,0.3438,22001.392
com.nemesis.droidcrypt,Layer2,1546,4160,14762,1774,0.2709,0.4657,0.3426,11402.439
org.secuso.privacyfriendlyfinancemanager,Layer2,1960,5652,19070,1874,0.2575,0.5112,0.3425,22120.8138
com.xvzan.simplemoneytracker,Layer2,1802,5139,15920,1816,0.2596,0.4981,0.3413,14055.8675
org.woheller69.arity,Layer2,1532,4152,14986,1769,0.2695,0.4641,0.341,22943.188
io.simplelogin.android.fdroid,Layer2,1677,4381,20353,2108,0.2768,0.4431,0.3407,19281.513
ua.com.radiokot.photoprism,Layer2,3737,10204,35028,4360,0.2681,0.4615,0.3391,24471.3841
nightlock.peppercarrot,Layer2,3589,10316,27705,3694,0.2581,0.4928,0.3388,20228.2835
org.secuso.privacyfriendlynotes,Layer2,1612,4258,20518,2137,0.2746,0.43,0.3352,22257.0279
eu.veldsoft.tuty.fruty.slot,Layer2,2,2,80,6,0.5,0.25,0.3333,17700.8418
com.oF2pks.jquarks,Layer2,1716,5030,18397,1932,0.2544,0.4704,0.3302,11596.8719
gallery.memories,Layer2,1768,5460,21957,1794,0.2446,0.4964,0.3277,18076.5396
foss.cnugteren.nlweer,Layer2,1814,5318,16767,2136,0.2543,0.4592,0.3274,17813.6773
org.woheller69.omweather,Layer2,1745,5545,19593,2080,0.2394,0.4562,0.314,23246.7623
com.cappielloantonio.notquitemy.tempo,Layer2,2140,6776,33546,2618,0.24,0.4498,0.313,7744.6305
com.cax.pmk.ext,Layer2,6,19,355,14,0.24,0.3,0.2667,7746.5435
ademar.textlauncher,Layer2,2,4,73,9,0.3333,0.1818,0.2353,0.3297
de.markusfisch.android.pielauncher,Layer2,9,31,680,31,0.225,0.225,0.225,15276.3469
dev.jdtech.jellyfin,Layer2,1080,6623,53229,1209,0.1402,0.4718,0.2162,17438.4753
im.narayana.another,Layer2,2157,14396,45261,2280,0.1303,0.4861,0.2055,18549.681
com.mkulesh.micromath.plus,Layer2,251,1445,12062,690,0.148,0.2667,0.1904,11176.2015
dnsfilter.android,Layer2,16,34,1284,108,0.32,0.129,0.1839,17546.6427
com.seyfal.whatsdown,Layer2,827,5341,27574,2347,0.1341,0.2606,0.177,12604.6406
fr.ralala.hexviewer,Layer2,153,1212,10879,478,0.1121,0.2425,0.1533,17948.6086
hev.sockstun,Layer2,40,362,3305,103,0.0995,0.2797,0.1468,18157.4429
com.gitlab.dibdib.dib2calc,Layer2,120,1141,11583,506,0.0952,0.1917,0.1272,9620.8024
com.kolloware.hypezigapp,Layer2,115,1358,10436,472,0.0781,0.1959,0.1117,10159.4821
com.maxistar.textpad,Layer2,46,640,4788,102,0.0671,0.3108,0.1103,11053.3379
org.joinmastodon.android,Layer2,203,3063,13166,472,0.0622,0.3007,0.103,21004.1534
com.markusborg.test,Layer2,33,519,4363,95,0.0598,0.2578,0.0971,11039.439
com.github.xfalcon.vhosts,Layer2,54,977,8065,260,0.0524,0.172,0.0803,9591.8051
com.indieweb.indigenous,Layer2,279,6103,23287,993,0.0437,0.2193,0.0729,9916.8086
de.freehamburger,Layer2,396,8628,31175,1445,0.0439,0.2151,0.0729,14917.8749
org.schabi.nxbookmarks,Layer2,240,5649,19739,911,0.0408,0.2085,0.0682,21780.7132
me.robbyblue.mylauncher,Layer2,204,5303,17884,685,0.037,0.2295,0.0638,19677.8932
com.leestarb.fourthtools,Layer2,200,5693,22295,793,0.0339,0.2014,0.0581,10224.3719
com.plexer0.nitter,Layer2,171,5119,17572,638,0.0323,0.2114,0.0561,11837.3616
com.inator.calculator,Layer2,190,5603,22569,809,0.0328,0.1902,0.0559,9846.2048
systems.sieber.fsclock,Layer2,169,5320,19448,653,0.0308,0.2056,0.0536,24358.0734
cu.axel.smartdock,Layer2,172,5440,18038,665,0.0306,0.2055,0.0533,14350.2277
com.tananaev.calculator,Layer2,25,825,6418,98,0.0294,0.2033,0.0514,13460.063
com.wirelessalien.zipxtract,Layer2,165,5599,20281,664,0.0286,0.199,0.0501,14000.309
ru.ra66it.updaterforspotify,Layer2,146,5127,20808,598,0.0277,0.1962,0.0485,23854.8017
com.github.shadowsocks.plugin.ck,Layer2,134,4848,14943,503,0.0269,0.2104,0.0477,9572.6803
app.olauncher,Layer2,157,5669,19679,632,0.0269,0.199,0.0475,2543.1395
com.jkuester.unlauncher,Layer2,146,5511,18729,486,0.0258,0.231,0.0464,10037.8392
com.haringeymobile.ukweather,Layer2,149,5919,16247,497,0.0246,0.2307,0.0444,9776.5119
com.phstudio.darktheme,Layer2,157,6209,19811,615,0.0247,0.2034,0.044,11785.3563
corewala.gemini.buran,Layer2,104,4501,17273,471,0.0226,0.1809,0.0402,14295.8869
com.gyorog.polycal,Layer2,61,4758,14864,212,0.0127,0.2234,0.024,9722.5305
org.sufficientlysecure.ical,Layer2,45,4775,13977,173,0.0093,0.2064,0.0179,22473.2503
org.scoutant.rpn,Layer2,33,3876,10816,148,0.0084,0.1823,0.0161,21818.2116
com.ath0.rpn,Layer2,0,9,166,9,0,0,0,7140.0028
com.dosse.clock31,Layer2,0,38,124,4,0,0,0,8649.3223
org.asafonov.weather,Layer2,0,9,60,0,0,0,0,20456.3821
,,,,,,,,0.439671483,
